Exchange , Symbol
NYSE , A
NYSE , AA
NASDAQ , AACB
NYSE , AACT
NASDAQ , AAL
NYSE , AAM
NASDAQ , AAME
NYSE , AAMI
NASDAQ , AAOI
NASDAQ , AAON
NYSE , AAP
NASDAQ , AAPL
NASDAQ , AARD
NYSE , AB
NASDAQ , ABAT
NYSE , ABBV
NYSE , ABCB
NASDAQ , ABCL
NASDAQ , ABEO
NYSE , ABG
NASDAQ , ABL
NASDAQ , ABLV
NYSE , ABM
NASDAQ , ABNB
NASDAQ , ABOS
NASDAQ , ABP
NASDAQ , ABSI
NYSE , ABT
NASDAQ , ABTS
NASDAQ , ABUS
NASDAQ , ABVC
NASDAQ , ABVE
NYSE , AC
NYSE , ACA
NASDAQ , ACAD
NYSE , ACCO
AMEX , ACCS
NASDAQ , ACDC
NYSE , ACEL
NASDAQ , ACET
NASDAQ , ACGL
NASDAQ , ACHC
NYSE , ACHR
NASDAQ , ACHV
NYSE , ACI
NASDAQ , ACIC
NASDAQ , ACIU
NASDAQ , ACIW
NASDAQ , ACLS
NASDAQ , ACLX
NYSE , ACM
NASDAQ , ACMR
NYSE , ACN
NASDAQ , ACNB
NASDAQ , ACNT
NASDAQ , ACOG
NASDAQ , ACON
NASDAQ , ACRS
NASDAQ , ACRV
NASDAQ , ACT
NASDAQ , ACTG
NASDAQ , ACTU
AMEX , ACU
NYSE , ACVA
NASDAQ , ACXP
NASDAQ , ADBE
NYSE , ADCT
NASDAQ , ADD
NASDAQ , ADEA
NASDAQ , ADGM
NASDAQ , ADI
NASDAQ , ADIL
NYSE , ADM
NASDAQ , ADMA
NASDAQ , ADN
NYSE , ADNT
NASDAQ , ADP
NASDAQ , ADPT
NASDAQ , ADSE
NASDAQ , ADSK
NYSE , ADT
NASDAQ , ADTN
NASDAQ , ADTX
NASDAQ , ADUS
NASDAQ , ADV
NASDAQ , ADVB
NASDAQ , ADVM
NYSE , AEE
NASDAQ , AEHL
NASDAQ , AEHR
NASDAQ , AEI
NASDAQ , AEIS
NASDAQ , AEMD
NASDAQ , AENT
NYSE , AEO
AMEX , AEON
NASDAQ , AEP
NYSE , AER
NASDAQ , AERT
NYSE , AES
